{"learner":{"attributes":{},"feature_names":[],"feature_types":[],"gradient_booster":{"model":{"gbtree_model_param":{"num_parallel_tree":"1","num_trees":"10"},"iteration_indptr":[0,1,2,3,4,5,6,7,8,9,10],"tree_info":[0,0,0,0,0,0,0,0,0,0],"trees":[{"base_weights":[8.93147E3,5.0899727E3,1.14635625E4,4.552599E3,6.593873E3,2.5435209E4,1.1007721E4,3.7773818E3,4.941194E3,3.2833977E4,1.2949378E4,9.66308E3,1.2611391E4,6.738126E3,4.5703184E3,1.018692E4,6.913846E3,1.5644712E4,1.209757E4],"categories":[],"categories_nodes":[],"categories_segments":[],"categories_sizes":[],"default_left":[1,1,1,1,0,1,1,0,1,0,0,1,1,0,0,0,0,0,0],"id":0,"left_children":[1,3,5,7,-1,9,11,-1,13,-1,-1,15,17,-1,-1,-1,-1,-1,-1],"loss_changes":[4.9413407E9,1.3645926E8,1.6879944E9,2.8027392E7,0E0,4.062331E8,5.2719616E8,0E0,3.584717E7,0E0,0E0,1.7151386E8,1.9585024E7,0E0,0E0,0E0,0E0,0E0,0E0],"parents":[2147483647,0,0,1,1,2,2,3,3,5,5,6,6,8,8,11,11,12,12],"right_children":[2,4,6,8,-1,10,12,-1,14,-1,-1,16,18,-1,-1,-1,-1,-1,-1],"split_conditions":[-6.014154E-1,5E-1,8.474576E-3,-9.467215E-1,3.5903217E2,6.731703E-1,5E-1,2.0567603E2,2.0762712E-1,1.7877891E3,7.050853E2,5E-1,8.050847E-2,3.6688666E2,2.488509E2,5.5467126E2,3.764545E2,8.5184454E2,6.5870496E2],"split_indices":[10,8,4,10,0,10,1,0,4,0,0,0,4,0,0,0,0,0,0],"split_type":[0,0,0,0,0,0,0,0,0,0,0,0,0,0,0,0,0,0,0],"sum_hessian":[5.13E2,2.05E2,3.08E2,1.54E2,5.1E1,8E0,3E2,5.5E1,9.9E1,4E0,4E0,1.67E2,1.33E2,1.4E1,8.5E1,1.38E2,2.9E1,1.5E1,1.18E2],"tree_param":{"num_deleted":"0","num_feature":"13","num_nodes":"19","size_leaf_vector":"0"}},{"base_weights":[8.434332E3,4.796589E3,1.0340482E4,3.9248562E3,5.5275503E3,2.0477416E4,9.908505E3,8.425508E3,5.092606E3,1.3341656E4,3.319743E4,8.609282E3,1.1758415E4,4.5632026E3,6.0804395E3,1.3984344E4,3.7786785E3,1.1683174E4,8.0308667E3],"categories":[],"categories_nodes":[],"categories_segments":[],"categories_sizes":[],"default_left":[1,1,1,0,1,1,1,0,1,1,0,1,0,0,0,0,0,0,0],"id":1,"left_children":[1,3,5,-1,7,9,11,-1,13,15,-1,17,-1,-1,-1,-1,-1,-1,-1],"loss_changes":[3.5630572E9,9.363789E7,1.2903096E9,0E0,7.809382E7,7.370568E8,6.894981E8,0E0,1.722752E7,8.61568E6,0E0,2.564352E8,0E0,0E0,0E0,0E0,0E0,0E0,0E0],"parents":[2147483647,0,0,1,1,2,2,4,4,5,5,6,6,8,8,9,9,11,11],"right_children":[2,4,6,-1,8,10,12,-1,14,16,-1,18,-1,-1,-1,-1,-1,-1,-1],"split_conditions":[5E-1,-5.320398E-1,8.474576E-3,2.1370592E2,1.5677966E-1,5E-1,5E-1,4.5876352E2,5E-1,5E-1,1.8075789E3,1.05932206E-1,6.4023816E2,2.4846347E2,3.3107605E2,7.614386E2,2.0574663E2,6.3614136E2,4.3727557E2],"split_indices":[11,5,4,0,4,1,1,0,1,0,0,4,0,0,0,0,0,0,0],"split_type":[0,0,0,0,0,0,0,0,0,0,0,0,0,0,0,0,0,0,0],"sum_hessian":[5.2E2,1.8E2,3.4E2,8.5E1,9.5E1,1.2E1,3.28E2,1E1,8.5E1,9E0,3E0,1.96E2,1.32E2,5.9E1,2.6E1,8E0,1E0,2.8E1,1.68E2],"tree_param":{"num_deleted":"0","num_feature":"13","num_nodes":"19","size_leaf_vector":"0"}},{"base_weights":[7.9923037E3,4.5811797E3,1.0145795E4,3.9122715E3,5.7265747E3,1.6244832E4,9.632185E3,2.9606274E3,4.1564497E3,3.795801E4,1.3403341E4,8.232785E3,1.1149438E4,3.3963804E3,1.3922144E3,1.3986778E4,5.2404214E3,7.702063E3,1.0270141E4],"categories":[],"categories_nodes":[],"categories_segments":[],"categories_sizes":[],"default_left":[1,1,1,1,0,1,1,1,0,0,1,1,0,0,0,0,0,0,0],"id":2,"left_children":[1,3,5,7,-1,9,11,13,-1,-1,15,17,-1,-1,-1,-1,-1,-1,-1],"loss_changes":[3.5823555E9,1.2546483E8,7.8954906E8,1.673984E7,0E0,8.4858214E8,5.0483814E8,1.5090768E7,0E0,0E0,2.6714624E7,8.308634E7,0E0,0E0,0E0,0E0,0E0,0E0,0E0],"parents":[2147483647,0,0,1,1,2,2,3,3,5,5,6,6,7,7,10,10,11,11],"right_children":[2,4,6,8,-1,10,12,14,-1,-1,16,18,-1,-1,-1,-1,-1,-1,-1],"split_conditions":[-5.9125936E-1,-8.9594114E-1,2.9411765E-2,-1.0127358E0,3.1180832E2,-5.4047906E-1,5E-1,5E-1,2.2631602E2,2.0667896E3,5E-1,1.5E0,6.070798E2,1.8493074E2,7.580518E1,7.6157117E2,2.853376E2,4.193724E2,5.592026E2],"split_indices":[10,10,3,10,0,10,1,2,0,0,2,11,0,0,0,0,0,0,0],"split_type":[0,0,0,0,0,0,0,0,0,0,0,0,0,0,0,0,0,0,0],"sum_hessian":[4.93E2,1.92E2,3.01E2,1.24E2,6.8E1,2.1E1,2.8E2,2.8E1,9.6E1,1E0,2E1,1.49E2,1.31E2,2.1E1,7E0,1.8E1,2E0,1.22E2,2.7E1],"tree_param":{"num_deleted":"0","num_feature":"13","num_nodes":"19","size_leaf_vector":"0"}},{"base_weights":[7.5584004E3,4.422405E3,9.638063E3,3.3114944E3,4.934055E3,1.9745746E4,9.231253E3,1.8160127E3,3.401356E3,4.247495E3,6.108398E3,1.2876257E4,3.3772266E4,8.1736357E3,1.0509045E4,3.8208352E3,5.2210386E3,7.5543574E3,5.3141724E3,1.1315454E4,7.5932373E3],"categories":[],"categories_nodes":[],"categories_segments":[],"categories_sizes":[],"default_left":[1,1,1,1,1,1,1,0,0,1,1,0,0,1,0,0,0,0,0,0,0],"id":3,"left_children":[1,3,5,7,9,11,13,-1,-1,15,17,-1,-1,19,-1,-1,-1,-1,-1,-1,-1],"loss_changes":[3.2965427E9,1.0074982E8,1.0800763E9,2.960768E6,8.612301E7,6.250399E8,3.1547187E8,0E0,0E0,1.7849216E7,1.6125952E7,0E0,0E0,2.186025E8,0E0,0E0,0E0,0E0,0E0,0E0,0E0],"parents":[2147483647,0,0,1,1,2,2,3,3,4,4,5,5,6,6,9,9,10,10,13,13],"right_children":[2,4,6,8,10,12,14,-1,-1,16,18,-1,-1,20,-1,-1,-1,-1,-1,-1,-1],"split_conditions":[-5.861813E-1,-9.365654E-1,8.474576E-3,-1.0787504E0,-4.3502337E-1,5E-1,5E-1,9.888073E1,1.8520166E2,5E-1,1.5677966E-1,7.0110394E2,1.8388783E3,1.05932206E-1,5.7221075E2,2.0804204E2,2.8428223E2,4.1132993E2,2.893533E2,6.1611926E2,4.1344693E2],"split_indices":[10,10,4,10,6,1,1,0,0,1,4,0,0,4,0,0,0,0,0,0,0],"split_type":[0,0,0,0,0,0,0,0,0,0,0,0,0,0,0,0,0,0,0,0,0],"sum_hessian":[5.11E2,2.05E2,3.06E2,6.7E1,1.38E2,1E1,2.96E2,5E0,6.2E1,9E1,4.8E1,8E0,2E0,1.66E2,1.3E2,6.6E1,2.4E1,1.4E1,3.4E1,2.3E1,1.43E2],"tree_param":{"num_deleted":"0","num_feature":"13","num_nodes":"21","size_leaf_vector":"0"}},{"base_weights":[7.1241406E3,4.0044507E3,8.890535E3,3.1449756E3,4.729338E3,1.786956E4,8.49301E3,7.7213335E3,4.3111E3,1.880631E4,3.314236E3,9.009661E3,5.2646265E3,5.07621E3,3.7559202E3,2.4075305E4,1.1603397E4,9.401547E3,5.5481245E3],"categories":[],"categories_nodes":[],"categories_segments":[],"categories_sizes":[],"default_left":[1,1,1,0,1,1,1,0,1,1,0,1,0,0,0,0,0,0,0],"id":4,"left_children":[1,3,5,-1,7,9,11,-1,13,15,-1,17,-1,-1,-1,-1,-1,-1,-1],"loss_changes":[2.8023583E9,1.0225357E8,1.0189906E9,0E0,9.184794E7,1.1491994E8,4.796375E8,0E0,1.916288E7,1.760658E8,0E0,3.1545754E8,0E0,0E0,0E0,0E0,0E0,0E0,0E0],"parents":[2147483647,0,0,1,1,2,2,4,4,5,5,6,6,8,8,9,9,11,11],"right_children":[2,4,6,-1,8,10,12,-1,14,16,-1,18,-1,-1,-1,-1,-1,-1,-1],"split_conditions":[5E-1,-5.320398E-1,8.474576E-3,1.7124191E2,1.5677966E-1,5E-1,5E-1,4.2042166E2,9.832909E-1,5E-1,1.8045804E2,5E-1,2.8665555E2,2.763964E2,2.0450745E2,1.310885E3,6.3179755E2,5.119082E2,3.0209183E2],"split_indices":[11,5,4,0,4,0,0,0,7,9,0,2,0,0,0,0,0,0,0],"split_type":[0,0,0,0,0,0,0,0,0,0,0,0,0,0,0,0,0,0,0],"sum_hessian":[5.14E2,1.87E2,3.27E2,8.8E1,9.9E1,1.2E1,3.15E2,1E1,8.9E1,1.1E1,1E0,2.7E2,4.5E1,3.4E1,5.5E1,5E0,6E0,2.41E2,2.9E1],"tree_param":{"num_deleted":"0","num_feature":"13","num_nodes":"19","size_leaf_vector":"0"}},{"base_weights":[6.852158E3,3.986441E3,8.568031E3,2.7117197E3,4.327558E3,1.1222028E4,7.9508647E3,3.8255352E3,5.4027744E3,1.1547729E4,5.5251826E3,6.747072E3,9.130159E3,3.475326E3,4.8626816E3,7.986272E3,4.955936E3,1.1841168E4,6.362454E3,6.158388E3,8.910223E3,7.1858594E3,9.555314E3],"categories":[],"categories_nodes":[],"categories_segments":[],"categories_sizes":[],"default_left":[1,1,1,0,1,1,1,1,1,1,0,1,1,0,0,0,0,0,0,0,0,0,0],"id":5,"left_children":[1,3,5,-1,7,9,11,13,15,17,-1,19,21,-1,-1,-1,-1,-1,-1,-1,-1,-1,-1],"loss_changes":[2.4490312E9,7.131648E7,4.2672947E8,0E0,5.975808E7,4.195584E7,3.0607974E8,2.1237632E7,1.236736E7,5.30176E6,0E0,1.13216E8,3.714355E7,0E0,0E0,0E0,0E0,0E0,0E0,0E0,0E0,0E0,0E0],"parents":[2147483647,0,0,1,1,2,2,4,4,5,5,6,6,7,7,8,8,9,9,11,11,12,12],"right_children":[2,4,6,-1,8,10,12,14,16,18,-1,20,22,-1,-1,-1,-1,-1,-1,-1,-1,-1,-1],